Workbook
Name ya_market_47k9p7qz49gq__1: Лист1!$A$2:$A$32608

Sheet Лист1
A1: brand | B1: brand_id | C1: logo_yes-no | D1: URL
A2: Giorgio Armani | B2: =_xlfn.XLOOKUP(A2,brand_id!B:B,brand_id!A:A) -> 4 | C2: 1 | D2: https://disk.yandex.ru/i/8rWWoyHQjPxhnA
A3: Armani Exchange | B3: =_xlfn.XLOOKUP(A3,brand_id!B:B,brand_id!A:A) -> 5 | C3: 1 | D3: https://disk.yandex.ru/i/qhSEzwPs31SDgA
A4: Emporio Armani | B4: =_xlfn.XLOOKUP(A4,brand_id!B:B,brand_id!A:A) -> 6 | C4: 1 | D4: https://disk.yandex.ru/i/ciRI3OuEBHzusA
A5: Miu Miu | B5: =_xlfn.XLOOKUP(A5,brand_id!B:B,brand_id!A:A) -> 7 | C5: 1 | D5: https://disk.yandex.ru/i/xEQtENxucFV5lQ
A6: Arnette | B6: =_xlfn.XLOOKUP(A6,brand_id!B:B,brand_id!A:A) -> 10 | C6: 1 | D6: https://disk.yandex.ru/i/kaVzw5GXVLWFnA
A7: Burberry | B7: =_xlfn.XLOOKUP(A7,brand_id!B:B,brand_id!A:A) -> 11 | C7: 1 | D7: https://disk.yandex.ru/i/CnvJrxGdRPOIBQ
A8: Bvlgari | B8: =_xlfn.XLOOKUP(A8,brand_id!B:B,brand_id!A:A) -> 12 | C8: 1 | D8: https://disk.yandex.ru/i/wMdpvBNL_XvHQg
A9: Chanel | B9: =_xlfn.XLOOKUP(A9,brand_id!B:B,brand_id!A:A) -> 13 | C9: 1 | D9: https://disk.yandex.ru/i/72R05YKVEFne7g
A10: Dolce & Gabbana | B10: =_xlfn.XLOOKUP(A10,brand_id!B:B,brand_id!A:A) -> 14 | C10: 1 | D10: https://disk.yandex.ru/i/945r1ctHpGIixg
A11: Coach | B11: =_xlfn.XLOOKUP(A11,brand_id!B:B,brand_id!A:A) -> 17 | C11: 1 | D11: https://disk.yandex.ru/i/opwcs7fEolUu4Q
A12: Michael Kors | B12: =_xlfn.XLOOKUP(A12,brand_id!B:B,brand_id!A:A) -> 19 | C12: 1 | D12: https://disk.yandex.ru/i/D4bQ43Dw_z8Isg
A13: Oakley | B13: =_xlfn.XLOOKUP(A13,brand_id!B:B,brand_id!A:A) -> 20 | C13: 1 | D13: https://disk.yandex.ru/i/UJZ2yFaePMVVNw
... A21: Tiffany & Co. | B21: =_xlfn.XLOOKUP(A21,brand_id!B:B,brand_id!A:A) -> 32 | C21: 1 | D21: https://disk.yandex.ru/i/ekcxn5ZTySl7JQ
A22: Valentino | B22: =_xlfn.XLOOKUP(A22,brand_id!B:B,brand_id!A:A) -> 34 | C22: 0
A23: Versace | B23: =_xlfn.XLOOKUP(A23,brand_id!B:B,brand_id!A:A) -> 35 | C23: 1 | D23: https://disk.yandex.ru/i/2VNlE-vWh7zq7g
A24: Vogue | B24: =_xlfn.XLOOKUP(A24,brand_id!B:B,brand_id!A:A) -> 36 | C24: 1 | D24: https://disk.yandex.ru/i/PxZ3OcuL46lzhQ
A25: Scuderia Ferrari | B25: =_xlfn.XLOOKUP(A25,brand_id!B:B,brand_id!A:A) -> 41 | C25: 1 | D25: https://disk.yandex.ru/i/CCRdI0m7VMjbnw
A26: Boss | B26: =_xlfn.XLOOKUP(A26,brand_id!B:B,brand_id!A:A) -> 44 | C26: 1 | D26: https://disk.yandex.ru/i/wNdjjSghhqQ2aA
A27: Boss Orange | B27: =_xlfn.XLOOKUP(A27,brand_id!B:B,brand_id!A:A) -> 45 | C27: 1 | D27: https://disk.yandex.ru/i/8nrGXVV0N-V4oA
A28: Carolina Herrera | B28: =_xlfn.XLOOKUP(A28,brand_id!B:B,brand_id!A:A) -> 46 | C28: 1 | D28: https://disk.yandex.ru/i/YUhWlZ3X1VNkMw
A29: Carrera | B29: =_xlfn.XLOOKUP(A29,brand_id!B:B,brand_id!A:A) -> 47 | C29: 1 | D29: https://disk.yandex.ru/i/R-W4mUPj4U-T8Q
A30: David Beckham | B30: =_xlfn.XLOOKUP(A30,brand_id!B:B,brand_id!A:A) -> 49 | C30: 1 | D30: https://disk.yandex.ru/i/VlpGdAi77QrhsA
A31: Dsquared2 | B31: =_xlfn.XLOOKUP(A31,brand_id!B:B,brand_id!A:A) -> 50 | C31: 1 | D31: https://disk.yandex.ru/i/rbFGpE1AeC48TQ
A32: Havaianas | B32: =_xlfn.XLOOKUP(A32,brand_id!B:B,brand_id!A:A) -> 53 | C32: 1 | D32: https://disk.yandex.ru/i/2Av4SgHQw00FPQ
A33: Hugo | B33: =_xlfn.XLOOKUP(A33,brand_id!B:B,brand_id!A:A) -> 54 | C33: 1 | D33: https://disk.yandex.ru/i/YwthYyTHqkrWvw
A34: Isabel Marant | B34: =_xlfn.XLOOKUP(A34,brand_id!B:B,brand_id!A:A) -> 55 | C34: 1 | D34: https://disk.yandex.ru/i/Ep-Cs_JeRna1tw
... A96: MCQ | B96: =_xlfn.XLOOKUP(A96,brand_id!B:B,brand_id!A:A) -> 418 | C96: 1 | D96: https://disk.yandex.ru/i/1ixyu2MZEmpzzA
A97: Akoni | B97: =_xlfn.XLOOKUP(A97,brand_id!B:B,brand_id!A:A) -> 451 | C97: 0
A98: Vehla | B98: =_xlfn.XLOOKUP(A98,brand_id!B:B,brand_id!A:A) -> 460 | C98: 0
A99: Valentin Yudashkin | B99: =_xlfn.XLOOKUP(A99,brand_id!B:B,brand_id!A:A) -> 466 | C99: 0

Sheet brand_id
A1: 334 | B1: Ad Lib
A2: 436 | B2: Adensco
A3: 127 | B3: Adidas
A4: 128 | B4: Adidas Originals
A5: 404 | B5: Adidas Sport
A6: 222 | B6: Adolfo Dominguez
A7: 223 | B7: Agatha Ruiz de la Prada
A8: 370 | B8: Agent Provocateur
A9: 494 | B9: Airlock
A10: 451 | B10: Akoni
A11: 9 | B11: Alain Mikli
A12: 82 | B12: Alexander McQueen
... A435: 186 | B435: ZILLI
